Snippet Code,Snippet Name,Runs,Mean,Median,Min,Max,Standard Deviation
urllib.request.urlopen(URL),urllib,25,1.4753116880000001,1.3756760000000021,1.2867149000000002,2.3041313999999993,0.2597907645794356
urllib3.PoolManager().request("GET", URL),urllib3,25,2.393063924000001,2.3036981000000054,2.1035829000000064,3.1865464000000046,0.2596933302856841
requests.get(URL),requests,25,2.2945496360000006,2.1931103000000007,2.0368500000000154,2.9061352999999883,0.2234703351017371
httpx.get(URL),httpx,25,2.2010564999999995,2.1679903999999794,2.079787600000003,2.423898200000025,0.104432339515394
